{
  "read_docx.ps1": 1776276333.1450183,
  "vite.config.js": 1776279353.505023,
  "src\\App.jsx": 1776325482.162635,
  "src\\main.jsx": 1776277181.9328897,
  "src\\components\\PreFlight.jsx": 1776325528.9108307,
  "src\\components\\Scoreboard.jsx": 1776326783.240783,
  "src\\data\\travelData.js": 1776278055.9847188,
  "src\\services\\supabase.js": 1776278025.6049821,
  "README.md": 1776250348.2856166,
  "texas_redneck_week.txt": 1776276366.0848465,
  "src\\assets\\convoy_suvs_1776277619429.png": 1776277619.4343517,
  "src\\assets\\heli_hogs_action_1776277120235.png": 1776277120.23707,
  "src\\assets\\nascar_racing_1776277654488.png": 1776277654.4914083,
  "src\\assets\\pbr_bull_riding_1776277637131.png": 1776277637.1347742,
  "src\\assets\\texas_bbq_brisket_1776277135312.png": 1776277135.3147445,
  "src\\assets\\texas_hero_skull_1776277104906.png": 1776277104.9114766
}